<?xml version="1.0"?>
<logs>
  <log>
    <Name>Windows XP Ding.wav</Name>
    <FullPath>C:\WINDOWS\Media\Windows XP Ding.wav</FullPath>
    <ChangeType>Changed</ChangeType>
    <UserName>
    </UserName>
    <Date>25-03-2008</Date>
    <Time>17:11:45.0195776</Time>
  </log>
  <log>
    <Name>LogReport.html</Name>
    <FullPath>C:\FileSysWatcher\LogFile\LogReport.html</FullPath>
    <ChangeType>Changed</ChangeType>
    <UserName>
    </UserName>
    <Date>25-03-2008</Date>
    <Time>17:11:45.1602044</Time>
  </log>
  <log>
    <Name>LogReport.html</Name>
    <FullPath>C:\FileSysWatcher\LogFile\LogReport.html</FullPath>
    <ChangeType>Changed</ChangeType>
    <UserName>
    </UserName>
    <Date>25-03-2008</Date>
    <Time>17:11:45.1914548</Time>
  </log>
  <log>
    <Name>LogReport.html</Name>
    <FullPath>C:\FileSysWatcher\LogFile\LogReport.html</FullPath>
    <ChangeType>Changed</ChangeType>
    <UserName>
    </UserName>
    <Date>25-03-2008</Date>
    <Time>17:11:45.2227052</Time>
  </log>
  <log>
    <Name>LogReport.html</Name>
    <FullPath>C:\FileSysWatcher\LogFile\LogReport.html</FullPath>
    <ChangeType>Changed</ChangeType>
    <UserName>
    </UserName>
    <Date>25-03-2008</Date>
    <Time>17:11:48.7852508</Time>
  </log>
  <log>
    <Name>LogReport.html</Name>
    <FullPath>C:\FileSysWatcher\LogFile\LogReport.html</FullPath>
    <ChangeType>Changed</ChangeType>
    <UserName>
    </UserName>
    <Date>25-03-2008</Date>
    <Time>17:11:48.8477516</Time>
  </log>
  <log>
    <Name>LogReport.html</Name>
    <FullPath>C:\FileSysWatcher\LogFile\LogReport.html</FullPath>
    <ChangeType>Changed</ChangeType>
    <UserName>
    </UserName>
    <Date>25-03-2008</Date>
    <Time>17:11:48.8946272</Time>
  </log>
  <log>
    <Name>LogReport.html</Name>
    <FullPath>C:\FileSysWatcher\LogFile\LogReport.html</FullPath>
    <ChangeType>Changed</ChangeType>
    <UserName>
    </UserName>
    <Date>25-03-2008</Date>
    <Time>17:11:48.9727532</Time>
  </log>
  <log>
    <Name>LogReport.html</Name>
    <FullPath>C:\FileSysWatcher\LogFile\LogReport.html</FullPath>
    <ChangeType>Changed</ChangeType>
    <UserName>
    </UserName>
    <Date>25-03-2008</Date>
    <Time>17:11:48.9883784</Time>
  </log>
  <log>
    <Name>FileSysWatcher</Name>
    <FullPath>C:\FileSysWatcher</FullPath>
    <ChangeType>Changed</ChangeType>
    <UserName>
    </UserName>
    <Date>25-03-2008</Date>
    <Time>17:11:54.8322032</Time>
  </log>
  <log>
    <Name>LogReport.html</Name>
    <FullPath>C:\FileSysWatcher\LogFile\LogReport.html</FullPath>
    <ChangeType>Changed</ChangeType>
    <UserName>
    </UserName>
    <Date>25-03-2008</Date>
    <Time>17:11:54.8478284</Time>
  </log>
  <log>
    <Name>LogReport.html</Name>
    <FullPath>C:\FileSysWatcher\LogFile\LogReport.html</FullPath>
    <ChangeType>Changed</ChangeType>
    <UserName>
    </UserName>
    <Date>25-03-2008</Date>
    <Time>17:11:54.8790788</Time>
  </log>
  <log>
    <Name>LogReport.html</Name>
    <FullPath>C:\FileSysWatcher\LogFile\LogReport.html</FullPath>
    <ChangeType>Changed</ChangeType>
    <UserName>
    </UserName>
    <Date>25-03-2008</Date>
    <Time>17:11:54.8947040</Time>
  </log>
  <log>
    <Name>LogReport.html</Name>
    <FullPath>C:\FileSysWatcher\LogFile\LogReport.html</FullPath>
    <ChangeType>Changed</ChangeType>
    <UserName>
    </UserName>
    <Date>25-03-2008</Date>
    <Time>17:11:54.9572048</Time>
  </log>
  <log>
    <Name>LogReport.html</Name>
    <FullPath>C:\FileSysWatcher\LogFile\LogReport.html</FullPath>
    <ChangeType>Changed</ChangeType>
    <UserName>
    </UserName>
    <Date>25-03-2008</Date>
    <Time>17:11:54.9728300</Time>
  </log>
  <log>
    <Name>LogReport.html</Name>
    <FullPath>C:\FileSysWatcher\LogFile\LogReport.html</FullPath>
    <ChangeType>Changed</ChangeType>
    <UserName>
    </UserName>
    <Date>25-03-2008</Date>
    <Time>17:11:55.0040804</Time>
  </log>
  <log>
    <Name>LogReport.html</Name>
    <FullPath>C:\FileSysWatcher\LogFile\LogReport.html</FullPath>
    <ChangeType>Changed</ChangeType>
    <UserName>
    </UserName>
    <Date>25-03-2008</Date>
    <Time>17:11:55.0509560</Time>
  </log>
  <log>
    <Name>software.LOG</Name>
    <FullPath>C:\WINDOWS\system32\config\software.LOG</FullPath>
    <ChangeType>Changed</ChangeType>
    <UserName>
    </UserName>
    <Date>25-03-2008</Date>
    <Time>17:12:16.4418548</Time>
  </log>
  <log>
    <Name>LogReport.html</Name>
    <FullPath>C:\FileSysWatcher\LogFile\LogReport.html</FullPath>
    <ChangeType>Changed</ChangeType>
    <UserName>
    </UserName>
    <Date>25-03-2008</Date>
    <Time>17:12:16.5043556</Time>
  </log>
</logs>